ID,Name,Surname,Email
1,Steven,Wilson,colinfuller@example.com
2,David,Rubio,bishopcatherine@example.net
3,Desiree,Jones,reynoldssavannah@example.net
4,Kevin,Gardner,jherman@example.com
5,Christopher,Nelson,foxmario@example.org
6,Eric,Gardner,olloyd@example.org
7,Cheyenne,Kelly,jerrymoore@example.org
8,Kimberly,Williams,jensenricky@example.net
9,Lawrence,Ortega,zcoleman@example.net
10,Jane,Vega,holtrebecca@example.com
11,Michael,Ferguson,dunnsarah@example.org
12,William,Snyder,edwardsderek@example.com
13,Sonia,Hughes,joanwall@example.net
14,Brittany,Peterson,claytonlynn@example.com
15,Leslie,Nguyen,collinsjoe@example.com
16,James,Ross,james53@example.net
17,Kim,Osborne,dennis62@example.net
18,Raymond,Townsend,phillipsbryan@example.com
19,Kim,Wright,tarasullivan@example.com
20,Debra,Beasley,amber57@example.net
21,Jessica,Nelson,colemankaren@example.org
22,Tyler,Horne,georgereese@example.net
23,John,Barrera,ann90@example.com
24,Sharon,Cantu,erikahall@example.net
25,Jennifer,Page,paulking@example.org
26,Manuel,Dawson,sara06@example.com
27,Amber,Silva,fgonzales@example.net
28,Brandi,Smith,adrian23@example.org
29,Monica,Flores,austinalyssa@example.net
30,Hannah,Taylor,davidcampos@example.org
31,John,Christian,ronniefreeman@example.net
32,Marc,Perkins,julie00@example.com
33,Blake,Hernandez,amartin@example.org
34,Patrick,Ryan,wsmith@example.org
35,Paul,Meza,tiffanyfrey@example.com
36,Robin,Wilson,victorjones@example.net
37,Christina,Decker,ernestlin@example.com
38,Mary,Anthony,heather25@example.com
39,Stephanie,Cummings,xsmith@example.com
40,James,Hubbard,hollandkevin@example.org
41,Craig,Wilson,michellemiller@example.net
42,Christopher,Willis,xshaffer@example.com
43,George,Woods,michael06@example.org
44,Justin,Smith,jevans@example.org
45,Anthony,Ferguson,ramseytammy@example.com
46,Rachel,Nichols,jeffery79@example.org
47,Joshua,Jones,adavidson@example.org
48,Jillian,West,jackson81@example.org
49,Andrea,Miller,erica92@example.net
50,Tony,Hanson,martinjay@example.com
51,Christopher,Tucker,erobinson@example.org
52,Katherine,Schaefer,taracoleman@example.com
53,Meagan,Baker,simmonsjennifer@example.net
54,Anthony,Brown,jason66@example.org
55,Angela,Conley,anna23@example.com
56,Daniel,Spencer,garciaarthur@example.com
57,Susan,Brown,jamesdana@example.com
58,Jeffrey,Martinez,hayesjulia@example.org
59,Timothy,Lowe,joshuajohnson@example.net
60,Julie,Sanders,tylerdeborah@example.com
61,Laura,Grimes,alicia78@example.com
62,Henry,Tanner,coopermargaret@example.org
63,Gavin,Brown,feliciafreeman@example.org
64,Sherry,Ramirez,julie51@example.com
65,Michelle,Martin,wjohnson@example.org
66,Tonya,Powers,dross@example.com
67,Kimberly,Griffin,nwhite@example.org
68,Natasha,Anderson,clairemitchell@example.org
69,Kevin,Moon,marthamitchell@example.net
70,Deborah,Hayes,floyddeborah@example.com
71,Adam,Woodward,contrerasmary@example.org
72,Brian,Jones,martinwright@example.net
73,Aaron,Jackson,uprice@example.com
74,Mckenzie,Greer,brendadavila@example.com
75,Thomas,Stone,whitematthew@example.org
76,Heather,Mata,travisyoung@example.net
77,Kimberly,Becker,shellybishop@example.net
78,April,Garcia,umartinez@example.com
79,Elizabeth,Rodriguez,andersonduane@example.net
80,William,Hines,cthomas@example.net
81,Joe,Roberson,kimberly05@example.net
82,Jonathan,English,christyfisher@example.net
83,Robert,Smith,smithsamantha@example.org
84,William,Hodges,elizabeth28@example.com
85,Sara,Collins,dalton86@example.com
86,Tiffany,Davis,james36@example.com
87,Donald,Davis,rachel84@example.org
88,Brianna,Miller,douglaskeller@example.com
89,Michael,Rubio,desparza@example.org
90,Kathryn,Richardson,erika80@example.net
91,Chad,Smith,debrawashington@example.org
92,Bobby,Zimmerman,faith99@example.com
93,Toni,Bell,jeremy48@example.org
94,Lynn,Reed,christopher40@example.org
95,Christopher,Quinn,rlyons@example.org
96,Cathy,Singh,ashleybrown@example.com
97,Paula,Maldonado,tayloremily@example.org
98,James,Hicks,wilsonerik@example.org
99,Catherine,Brown,montgomerykristin@example.com
100,Paul,Conrad,fryenoah@example.org
101,Richard,Harris,zacharyvang@example.com
102,Matthew,Edwards,ruben57@example.com
103,Jeremy,Simpson,prodriguez@example.org
104,Laura,Campbell,fcarr@example.com
105,Kristin,Garrison,hallen@example.org
106,Charles,Gregory,qnoble@example.net
107,Leslie,Glass,gsmith@example.org
108,Jonathan,Flynn,ryan63@example.com
109,Terri,Castaneda,adam96@example.org
110,Jeremy,Eaton,kelly31@example.org
111,Brendan,Anderson,rbrown@example.org
112,Matthew,Berger,ricky78@example.net
113,Kathy,Castro,james80@example.net
114,Randall,Vincent,alexis62@example.com
115,Sharon,Martin,huffzachary@example.com
116,Gerald,Barker,destinygarner@example.net
117,Charles,Singh,wrightchristopher@example.net
118,Rebecca,Fernandez,ljohnson@example.com
119,James,Sanchez,sarah98@example.net
120,Elizabeth,Jimenez,petersonamanda@example.org
121,Brandon,Lawrence,allenlloyd@example.com
122,Melissa,Conrad,stephanieoliver@example.org
123,Melinda,Wagner,nwarren@example.net
124,Lindsay,Harris,wellsmichele@example.com
125,Michelle,Mccarty,kimberly74@example.net
126,Rebecca,Murray,avilasharon@example.net
127,Anthony,Horton,nathancruz@example.org
128,Rachel,Moore,michaelcampbell@example.com
129,Michael,Wagner,martinezvictoria@example.net
130,Lawrence,Williams,lauradaniels@example.com
131,Michael,Garrison,curtissimpson@example.com
132,Whitney,Gates,lsmith@example.com
133,Christopher,Scott,smithashley@example.net
134,Brittany,Moses,jason36@example.com
135,Steven,Parker,gmoore@example.org
136,Karen,Green,shirley59@example.net
137,Heather,Soto,janet92@example.net
138,Adam,Hanna,jsingleton@example.net
139,Edward,Roberts,george83@example.org
140,Robert,Harris,lindsey40@example.com
141,Ellen,Rasmussen,shawnclark@example.com
142,Michael,Mullen,kruegermolly@example.com
143,Gail,Bowman,pooleashley@example.com
144,Dominique,Buckley,hberger@example.org
145,Isabel,Murphy,francis51@example.net
146,Jill,Richardson,reginagarner@example.net
147,Christina,Davis,jessica61@example.com
148,Daniel,Miller,karenforbes@example.org
149,Michael,Houston,tgaines@example.org
150,Colleen,Peterson,jordanperry@example.org
151,Robert,Marks,kylejohnson@example.com
152,Crystal,Wilson,hbrooks@example.org
153,Alexa,Jones,franklinkimberly@example.net
154,Brianna,Lowe,hrubio@example.net
155,Kara,Murphy,daniel41@example.com
156,Tammy,Ramos,pattersonrobert@example.com
157,Tracie,Russell,rbauer@example.org
158,Gregory,Carter,david64@example.com
159,Michael,Harvey,jgreene@example.com
160,Jennifer,Robinson,mmeza@example.net
161,Joshua,Ross,mcdonaldmark@example.net
162,Jamie,Everett,robinsonjennifer@example.org
163,Maria,Wood,cpoole@example.net
164,Randall,Richardson,rpineda@example.com
165,Christina,Mckenzie,patrick17@example.org
166,Megan,Payne,karen37@example.org
167,Kim,Patel,marybennett@example.org
168,Sarah,Fuller,wstewart@example.com
169,Laura,Thompson,connorstanley@example.org
170,Amy,Burns,edelgado@example.org
171,Lindsay,Fox,andersoncrystal@example.com
172,Victoria,Davidson,christopher53@example.com
173,Tammy,Melendez,brianwalker@example.org
174,Mark,Miles,heather95@example.net
175,Omar,Grant,mike45@example.net
176,James,Barber,erik94@example.net
177,Tara,Phelps,nathaniel22@example.net
178,Kyle,Hicks,beth70@example.com
179,James,Wilson,kschultz@example.net
180,Richard,Bradshaw,monica92@example.org
181,Anna,Estrada,angelaellison@example.org
182,Jennifer,Yoder,veronicathompson@example.com
183,Melissa,Brown,jennifermacias@example.org
184,Linda,Scott,cassandra50@example.net
185,Daniel,Williams,rlambert@example.com
186,David,Harris,pbell@example.org
187,Timothy,Johnson,abigailmercer@example.net
188,Charles,Cruz,kyle35@example.net
189,Jeremy,Coleman,patricia47@example.org
190,Madison,Johnson,oedwards@example.org
191,Haley,Davenport,brookemartinez@example.com
192,Alan,Gray,jonathan27@example.com
193,Gregory,Thomas,sarahcarlson@example.net
194,William,Braun,corey95@example.com
195,Matthew,Rojas,danielhunt@example.com
196,Brandon,Pierce,michealpruitt@example.org
197,Michelle,Conway,williamsderrick@example.com
198,Peter,Mcdowell,jessica66@example.org
199,Willie,Hinton,bradleyandrew@example.net
200,Michelle,Graham,williamsjonathan@example.net
201,Robert,Howard,dmorales@example.org
202,Amanda,Jones,nlopez@example.com
203,Michael,Klein,josephmcmahon@example.com
204,Colton,Wyatt,mitchellmaria@example.net
205,Eugene,Fox,yflores@example.net
206,Bradley,Mendoza,lstuart@example.org
207,Paul,Decker,katrina24@example.net
208,Francis,Macdonald,daniellane@example.net
209,Courtney,Mathews,brandy64@example.com
210,Keith,Bentley,schneiderrandy@example.net
211,Kathryn,Lam,lambjohn@example.net
212,Jacob,Adams,elizabethcampbell@example.com
213,Ronald,Mueller,christophergray@example.org
214,Michelle,Lewis,mgordon@example.org
215,Lori,Harris,lynnsteve@example.com
216,Aaron,Lucero,michaelkent@example.org
217,Sandra,Tyler,emyers@example.org
218,Kaitlin,Osborne,longleslie@example.org
219,Brittany,Simpson,mberger@example.org
220,Crystal,Cruz,downspatrick@example.com
221,Susan,Garcia,ccook@example.com
222,Courtney,Cruz,jacksonkevin@example.com
223,Kristine,Scott,bgriffin@example.org
224,Lisa,Cook,danielle05@example.com
225,Javier,Rodriguez,audreyespinoza@example.com
226,Ivan,Ruiz,jamesjackson@example.org
227,Kelsey,Solomon,michael78@example.net
228,Dalton,Hanna,ygarcia@example.net
229,Carlos,Ramirez,travismunoz@example.com
230,David,Owens,vegakimberly@example.org
231,Elizabeth,Mejia,lopezmark@example.com
232,Nicole,Ballard,whiteshannon@example.com
233,Amanda,Welch,victoriacollins@example.net
234,Samuel,Randolph,vhorne@example.net
235,Brandy,Roberts,pgaines@example.net
236,Richard,Bates,traceyconner@example.org
237,Rebecca,Miller,ydalton@example.com
238,Theodore,Sanders,williedennis@example.net
239,Stephanie,Palmer,sonyalee@example.org
240,Brittney,Palmer,jonesgregory@example.net
241,Lucas,York,qlane@example.com
242,Valerie,Smith,holdenalexander@example.org
243,Lisa,Foster,jreed@example.com
244,Mary,Snyder,masseygabrielle@example.org
245,Lauren,Watts,robert70@example.org
246,Ashley,Garrett,michellewoods@example.net
247,Jonathan,Ellis,emccall@example.org
248,David,Reyes,longwilliam@example.org
249,Christopher,Ellis,joel88@example.com
250,Mary,Foster,joshua26@example.com
251,Christine,Hayden,samanthajohnson@example.net
252,Dustin,Berg,andrewallen@example.org
253,Shaun,Morales,wrightbenjamin@example.net
254,Wendy,Lee,erin71@example.org
255,Carrie,Vasquez,sydneybutler@example.com
256,Michelle,Taylor,jonesjessica@example.org
257,Jennifer,Ferguson,wellsmiranda@example.com
258,Robin,Collins,meganwilliams@example.net
259,Jason,Hernandez,marcushanson@example.net
260,Kayla,Decker,connorfranco@example.com
261,Joseph,Martinez,barbarawhite@example.com
262,Lucas,Garza,bfitzpatrick@example.net
263,Edward,Richard,robert21@example.net
264,Philip,Tanner,cunninghamevelyn@example.net
265,Michael,Johnson,feliciahanna@example.net
266,Justin,Crane,candace31@example.com
267,Theresa,Baker,madison47@example.com
268,Shelly,Alvarado,juan62@example.com
269,Olivia,Weber,nroberts@example.com
270,Diane,Rogers,roycampos@example.org
271,Brandon,Hurst,penastephanie@example.com
272,Marisa,Brooks,michaelhall@example.com
273,Linda,Baker,raymondstephens@example.com
274,Heather,Wagner,richard12@example.com
275,Karen,Randall,lynchjonathan@example.org
276,Tamara,Brooks,douglas85@example.org
277,Charles,Moyer,tracey12@example.net
278,Jose,Brown,bakerdavid@example.net
279,Michael,Brown,john40@example.net
280,Walter,Ross,jessica31@example.com
281,Megan,Collins,zcaldwell@example.org
282,Sarah,Jones,amydaniels@example.org
283,Caitlyn,Meyer,kyle07@example.org
284,Amanda,Moss,amandawalker@example.com
285,Elizabeth,Gibson,smithkimberly@example.org
286,Meghan,Hicks,natashacisneros@example.com
287,Dillon,Ross,rgriffith@example.com
288,Nicholas,Lee,julie27@example.net
289,Bobby,Small,williamfernandez@example.com
290,Cassandra,Taylor,samuel51@example.org
291,Nicole,Irwin,jared20@example.net
292,Abigail,Griffin,dianabryan@example.net
293,Eric,Brown,krodriguez@example.org
294,Amanda,Mcdonald,ojohnston@example.org
295,Ronnie,Wilson,delgadotammy@example.org
296,Shawna,Powers,timothysaunders@example.com
297,Andrea,Hughes,michaelthomas@example.org
298,Matthew,Reese,jamesbrennan@example.org
299,Melissa,Davis,bryanmcbride@example.net
300,Cassandra,Drake,katherineknox@example.com
301,Amber,Harvey,hbishop@example.com
302,Connie,Johnson,faustin@example.net
303,Melissa,Figueroa,madison38@example.org
304,Jason,Spencer,kathleen28@example.org
305,Jessica,Johnson,joshua55@example.com
306,Jason,Turner,dmiller@example.org
307,Antonio,Lee,hodgedeanna@example.com
308,Scott,Cortez,tmartinez@example.com
309,Jose,Johnson,thomas88@example.com
310,Michael,Jacobs,timothy28@example.com
311,Nancy,Lopez,michelle21@example.org
312,Angela,Whitney,franklinkaren@example.com
313,Mark,Pruitt,john84@example.org
314,Thomas,Mccoy,gholder@example.net
315,Jacob,Chen,april58@example.org
316,Heather,Spencer,wmitchell@example.org
317,Jasmine,Wright,schristian@example.net
318,Vanessa,Flowers,alawrence@example.com
319,Carolyn,Dillon,smithjennifer@example.org
320,Dustin,Phillips,maysmartha@example.com
321,Michelle,Pham,chenjoshua@example.net
322,Jessica,Smith,angela23@example.com
323,Barbara,Williams,jonathanross@example.org
324,Olivia,Simon,williamsalicia@example.net
325,Krystal,Holt,zreynolds@example.com
326,Kim,Carr,beth72@example.net
327,Jody,Savage,vincentrollins@example.org
328,Jason,Gordon,ronald91@example.com
329,Amber,Houston,simmonsjohn@example.net
330,Dorothy,Daniels,anthony00@example.com
331,Jason,Stewart,robert05@example.com
332,Ruben,Smith,amorrow@example.org
333,Julie,Moon,qbenjamin@example.com
334,Karen,Munoz,kristie59@example.com
335,Michael,Erickson,bramsey@example.org
336,Kristin,Johnson,jeremymiller@example.com
337,Lori,Patel,hayesvickie@example.com
338,Anthony,Oneal,jacksongrant@example.org
339,Travis,Williams,kevin08@example.net
340,Antonio,Peck,amanda79@example.net
341,Tyler,Holt,david63@example.net
342,Hannah,Ballard,stephen20@example.org
343,Carlos,West,parkermaureen@example.com
344,Kyle,Rodriguez,jillwilliams@example.org
345,Jacob,Gutierrez,alison67@example.net
346,Adam,Good,fhaas@example.org
347,Lawrence,Simpson,ramosjulie@example.com
348,Joshua,Ross,smeza@example.org
349,Jacob,Brooks,frhodes@example.net
350,David,Smith,goodwinstacy@example.net
351,Christina,Matthews,eddie21@example.com
352,Cole,Holloway,janicemorgan@example.com
353,Reginald,Chan,laura78@example.net
354,Stacy,Parks,michael95@example.org
355,Tyler,Franklin,nicholas92@example.com
356,Valerie,Norman,donnakeith@example.org
357,Donna,Burns,antoniovazquez@example.com
358,Melissa,Ward,rhonda82@example.net
359,Katelyn,Lucas,kevin64@example.org
360,Ray,Carpenter,reedbrenda@example.com
361,Erica,Montgomery,huffcharles@example.com
362,Daniel,Goodman,meredithjones@example.com
363,Robert,Mills,cheryldavis@example.com
364,Shannon,Alvarez,jennifer06@example.net
365,Susan,Hardin,john33@example.org
366,Claudia,Davis,sherry58@example.org
367,Anthony,Olson,qfischer@example.org
368,Tommy,Fox,petersonsuzanne@example.com
369,Harry,Bernard,sherrychase@example.net
370,Mary,Aguilar,shelbyreed@example.com
371,Erica,Trujillo,lauren91@example.org
372,David,Bullock,jillian69@example.net
373,Stephanie,Lambert,alyssa28@example.net
374,Morgan,Hopkins,colonkevin@example.net
375,Brian,Frazier,keithsoto@example.org
376,Joseph,Perez,ymendoza@example.com
377,Juan,Weiss,margaretsmith@example.net
378,Leah,Bowman,umorgan@example.com
379,Maria,Foster,tyrone91@example.com
380,Rebecca,Page,lkeith@example.com
381,Carol,Campbell,lgriffin@example.net
382,Andrew,Boyle,michaelsnyder@example.net
383,Tony,Carter,mcguireautumn@example.com
384,Donna,Bridges,daniellepotter@example.net
385,Robert,Clark,robertyork@example.org
386,Eric,Ellis,larrycarlson@example.org
387,Matthew,Fisher,heathervargas@example.org
388,Todd,Walker,robin94@example.com
389,William,Cooke,david98@example.net
390,Lisa,Parker,zwright@example.org
391,Lisa,Mitchell,timothywheeler@example.com
392,Michael,Scott,deanemily@example.net
393,Sarah,Rivera,dsmall@example.net
394,Kimberly,Hamilton,emarshall@example.com
395,Hailey,Phillips,juliewelch@example.org
396,Bradley,Cox,madelineturner@example.com
397,Anthony,Wells,ericksoncynthia@example.org
398,Justin,Jimenez,thompsontracy@example.com
399,Katie,Lewis,ewingethan@example.net
400,Timothy,Mann,kgardner@example.com
401,Lori,Gardner,gibsonjohn@example.org
402,Laura,Leonard,lori27@example.net
403,Jeffrey,Jones,dprice@example.com
404,Stacey,Martin,xmoore@example.net
405,Peggy,Anderson,jeanne44@example.net
406,John,Wilson,kevinmedina@example.net
407,Deborah,Foster,rkeith@example.com
408,Michael,Berger,mary66@example.com
409,Jeffrey,Shea,rachelmccormick@example.org
410,Heather,Webster,qsmith@example.net
411,Joshua,Hernandez,vfox@example.com
412,Thomas,Owen,charper@example.com
413,Sharon,Norton,bryanhernandez@example.org
414,Elijah,Rodriguez,reesesean@example.org
415,Jack,Ray,sarah35@example.org
416,Vanessa,Taylor,hwhite@example.org
417,Miguel,Hernandez,anthonyterrell@example.com
418,Dawn,King,lammolly@example.net
419,Rebecca,Brown,houstonlaura@example.org
420,Lauren,Holt,ortegadavid@example.net
421,Tonya,Johnson,rramos@example.com
422,Rachael,Mayer,castanedapeter@example.org
423,Justin,Blair,harry70@example.net
424,Amanda,White,cookjulie@example.org
425,Benjamin,Greene,littlejohn@example.com
426,Marvin,Peters,michael65@example.org
427,Carolyn,Robertson,psweeney@example.com
428,Jacob,Lawson,maria14@example.com
429,Kristen,Thomas,guzmanmichael@example.org
430,Michael,Wiley,karenjones@example.com
431,Eric,Madden,hlambert@example.com
432,Lindsey,Shaw,ljones@example.net
433,Erica,Vargas,scottconner@example.com
434,Michael,Jenkins,ian86@example.com
435,Zachary,Ortega,leonardcynthia@example.org
436,Christina,Smith,mary11@example.net
437,James,Schneider,michael23@example.org
438,Dean,White,monica63@example.org
439,Victoria,Wilson,sabrinamunoz@example.org
440,Ashley,Perez,james86@example.net
441,Sandra,Salinas,johnny21@example.org
442,Sarah,Green,samantha67@example.org
443,Jenna,Boone,qwells@example.com
444,Ashley,Fitzgerald,tonyawilliams@example.com
445,Debra,Alexander,michelle94@example.org
446,Lori,Mejia,moodytheresa@example.net
447,Chad,Ross,barnettbrian@example.net
448,Heather,Meza,velezgerald@example.org
449,Christopher,Mccormick,jennifer23@example.com
450,Rachael,Rodriguez,qkelly@example.org
451,Maureen,Torres,oliviathompson@example.com
452,Victoria,Raymond,johnsonamy@example.org
453,Michael,Green,timothy29@example.net
454,Michelle,Wilson,tiffanysmith@example.net
455,Stephanie,Brown,william58@example.org
456,Christopher,Werner,carlsonjacqueline@example.org
457,Tami,Wilson,wmoore@example.com
458,Larry,Lee,maryhancock@example.com
459,Wayne,Buchanan,valdezthomas@example.com
460,Ronald,Ramos,rodrigueztodd@example.com
461,Edward,Lawrence,levydouglas@example.net
462,Samuel,Hunter,matthewperez@example.net
463,Makayla,Powell,howellcynthia@example.com
464,Hannah,Fields,vhayes@example.net
465,Andrew,Hooper,wanda12@example.com
466,Alvin,Davis,timothy85@example.com
467,Alison,Haas,zacharysullivan@example.net
468,Edward,Knight,cynthia46@example.com
469,Kurt,Black,warejonathan@example.org
470,Maria,Guzman,bfisher@example.com
471,Herbert,Williams,bonnie30@example.net
472,Charles,Santiago,ytaylor@example.org
473,Sandra,Mills,cthornton@example.net
474,Mark,Johnson,zbrooks@example.com
475,Sherry,Lopez,linda56@example.org
476,Shannon,Moran,madison23@example.net
477,Jade,Ruiz,williamsstacey@example.com
478,Jennifer,Fletcher,swyatt@example.net
479,Aaron,Brown,joseph31@example.org
480,Wendy,Miranda,thomasmartin@example.org
481,Sarah,Mitchell,burtonjenna@example.com
482,Logan,Sanchez,ashley72@example.org
483,Michael,Cisneros,andrew10@example.com
484,Matthew,Lopez,moseslaurie@example.net
485,Michael,Brown,otaylor@example.org
486,Christina,Robinson,stanleyandrew@example.org
487,Crystal,Potter,hpearson@example.net
488,Barry,Edwards,kristenellis@example.com
489,Victoria,Thompson,vbennett@example.com
490,Maria,Jones,krista38@example.org
491,Michael,Thompson,harrisonstephen@example.org
492,Michelle,Vasquez,yhood@example.com
493,Alexandra,Collins,kristadickerson@example.com
494,Cheyenne,Frazier,kyle76@example.net
495,Cynthia,Carlson,barbara00@example.net
496,Tammy,Bailey,ysalazar@example.org
497,Thomas,Miller,brandymoore@example.com
498,Judy,Mcguire,antoniojackson@example.net
499,Joshua,Shepard,nicoleroy@example.net
500,Douglas,Jones,mccarthybrenda@example.org
501,Michael,Espinoza,wellseric@example.org
502,Brett,Lee,barnesshelly@example.org
503,Ryan,Fuentes,ncox@example.net
504,Susan,Weeks,mariosantos@example.com
505,John,Johnson,davidwhite@example.org
506,Aaron,Simmons,sarahrogers@example.org
507,Kelly,Gonzalez,talexander@example.org
508,Michael,Johnson,ryanbradley@example.org
509,Lisa,Grant,brandismith@example.org
510,Devin,Gonzalez,andersonadrian@example.net
511,Eric,Weiss,mwilcox@example.org
512,Christopher,Murray,charles44@example.org
513,Corey,Stevenson,rachelmartinez@example.net
514,Anne,Rodriguez,lorihurley@example.net
515,Douglas,Tyler,charles66@example.com
516,Joseph,Torres,shanemckay@example.org
517,Carol,Horton,kelleykimberly@example.org
518,Brian,Villanueva,warnerjoshua@example.org
519,Tina,Taylor,sellersjohn@example.net
520,Jennifer,Cruz,williamseric@example.com
521,Lynn,Salinas,rachelbrown@example.com
522,Nicole,Reid,hendrixstacy@example.org
523,Andrew,Lee,davidlee@example.net
524,Margaret,Bryan,javery@example.net
525,Michael,Kelly,brian76@example.net
526,Grace,Fields,bwatson@example.org
527,Ricky,Smith,powellwesley@example.com
528,Eric,Wise,michaelfox@example.org
529,Lisa,Thompson,kennethking@example.org
530,Jose,Hicks,richardsonamanda@example.com
531,Peggy,Guzman,higginsashley@example.com
532,Sara,Chavez,coxmichael@example.org
533,Andrea,Kelly,judithmcgee@example.org
534,Glenn,Bennett,ahampton@example.com
535,Shannon,Alexander,brian64@example.net
536,Jerome,Jimenez,herrerarhonda@example.org
537,Chad,Lyons,yjones@example.com
538,Justin,Campbell,michael08@example.net
539,Savannah,Brown,qadams@example.org
540,William,Cook,zfowler@example.com
541,Scott,Houston,uevans@example.com
542,Robin,Padilla,brittany83@example.com
543,Jay,Higgins,eknight@example.org
544,Stacy,Mills,jasonross@example.com
545,James,Becker,brewermarilyn@example.net
546,Breanna,Brown,deborah15@example.org
547,David,Baker,michaelmorales@example.com
548,Richard,Bradshaw,vrobinson@example.org
549,Kendra,Jones,oroberts@example.com
550,Linda,Moore,hansontammy@example.org
551,Linda,Chan,lauren14@example.org
552,Tracy,Fowler,zwebster@example.net
553,Thomas,Santiago,jeffreyjohnson@example.net
554,Jennifer,Fox,kelsey42@example.com
555,Angela,Clay,psimpson@example.com
556,Howard,May,heidi01@example.com
557,Stacy,Smith,randerson@example.net
558,Ashley,Smith,johnliu@example.org
559,Gerald,Gomez,lisarodriguez@example.org
560,John,Tran,valerie43@example.org
561,Christopher,Gray,helliott@example.org
562,Carolyn,Jordan,valerie73@example.net
563,Ashley,Wheeler,catherinemccormick@example.com
564,Vanessa,Skinner,martindana@example.org
565,Tina,Boone,janderson@example.com
566,Stephanie,Howell,tiffanystewart@example.net
567,Nancy,Sparks,danielcopeland@example.net
568,Donald,Hodges,william40@example.net
569,Ashlee,Serrano,xparsons@example.org
570,Tracy,Stephens,annafoley@example.org
571,Willie,Snyder,qsanchez@example.org
572,David,Wilson,zcruz@example.org
573,David,Castillo,mejiaryan@example.net
574,Marcus,Brewer,qbarker@example.com
575,Donald,Miller,bowmanvictor@example.net
576,Nicole,White,susan41@example.net
577,Diane,Miller,katherine57@example.com
578,Stephanie,Humphrey,mooresamuel@example.net
579,Kelly,Carroll,edwardmason@example.net
580,Mario,Simpson,froberson@example.com
581,Robin,Wilson,thomasmorgan@example.net
582,Jeffrey,Rice,rosarioethan@example.com
583,Darrell,Hernandez,zweaver@example.org
584,Kelly,Brown,justin33@example.org
585,Christopher,Smith,xleon@example.net
586,Jonathan,French,crosbylatoya@example.net
587,Dana,Roberts,dkelley@example.com
588,Lisa,Hall,sonyaellis@example.org
589,Lisa,Robinson,morganadam@example.org
590,Thomas,Martin,qlozano@example.com
591,Ana,Stanley,xdavila@example.net
592,Eddie,Brown,fgordon@example.org
593,Rachel,Taylor,tina45@example.net
594,Bradley,Lee,acevedojames@example.com
595,David,Lewis,tracy81@example.org
596,John,Allen,xlewis@example.com
597,Joseph,Henderson,bryan47@example.net
598,Crystal,Clayton,molinameredith@example.org
599,Brittney,Spencer,devinwebb@example.org
600,Melanie,Cunningham,dylan44@example.com
601,Maria,Ortiz,gillespiecory@example.net
602,Lisa,Cooper,lisa67@example.org
603,Kenneth,Benson,sheila52@example.net
604,Caleb,Osborne,michelle87@example.net
605,Daniel,Ward,kelly89@example.com
606,Jessica,Dodson,russellmichael@example.com
607,Jeffrey,Nguyen,scline@example.net
608,Ronald,Garza,vaughnrobert@example.net
609,Michelle,Conley,april01@example.com
610,Jennifer,Hill,kent32@example.com
611,Kim,Sellers,xgonzalez@example.com
612,Amy,Jones,carl91@example.net
613,Haley,Lucas,tmartin@example.org
614,Jonathan,Griffith,kimberly86@example.com
615,Laurie,Sanchez,danielsshannon@example.com
616,Katrina,Young,eflores@example.org
617,Christopher,Weiss,joshuaponce@example.org
618,Marcus,Schroeder,glenndavid@example.net
619,Edward,Watson,matthewatkins@example.net
620,Kimberly,Riley,danielchoi@example.net
621,Matthew,Davis,graychristopher@example.com
622,James,Johnson,garcianathan@example.net
623,Patricia,Weber,rbrooks@example.org
624,Elizabeth,Edwards,mosesjacob@example.org
625,Felicia,Moore,emalone@example.net
626,Julie,Gibson,gloria98@example.com
627,Richard,Williams,dunlapdeborah@example.org
628,Sheila,Campbell,gouldthomas@example.com
629,Joshua,Smith,castrobridget@example.org
630,Scott,Duffy,kristi25@example.org
631,Jennifer,Mckay,shanevargas@example.com
632,Julie,Kelley,robertsaunders@example.com
633,Jonathan,Fitzpatrick,owensadam@example.net
634,Kenneth,Clark,joanna76@example.net
635,Michael,Randolph,iross@example.net
636,Joel,Hudson,christopher30@example.net
637,Mark,Payne,nthomas@example.org
638,Megan,Smith,lewiserica@example.net
639,Felicia,Mcdowell,brandon71@example.net
640,Chelsea,Lopez,benitezlisa@example.org
641,John,Baxter,jason87@example.com
642,Billy,Watts,xcook@example.org
643,Lacey,Michael,theresamora@example.com
644,Patrick,Lopez,michael39@example.com
645,Jamie,Hampton,jennifergonzalez@example.com
646,Whitney,Mercer,ronald87@example.net
647,Christine,James,beth45@example.com
648,James,Thompson,tamismith@example.org
649,Kaitlin,Gilbert,theresamartin@example.com
650,Jeffrey,Campbell,stevenvillegas@example.org
651,Jennifer,Jones,howardsandra@example.org
652,Victor,Garcia,benjaminwilliamson@example.org
653,Steven,Chang,lisacole@example.com
654,Rebecca,Brown,jerrypeters@example.net
655,Carlos,Lynn,zrogers@example.com
656,Joshua,Whitaker,churchnatalie@example.org
657,Amber,Morgan,nixonmichael@example.org
658,Mark,Newton,tina05@example.net
659,Melissa,May,randallgonzalez@example.com
660,Stacy,Shea,campbellnicholas@example.com
661,Karen,Tucker,dkeller@example.org
662,Colin,Guzman,whitebrian@example.com
663,Luis,Armstrong,wschwartz@example.net
664,Eric,Henry,pateltyler@example.org
665,Cynthia,Hickman,hannahdavis@example.com
666,William,Lee,ginawarren@example.org
667,Nathaniel,Rowe,jonathan64@example.com
668,Janet,Reid,smithnathan@example.com
669,Ryan,Elliott,rubennelson@example.com
670,Taylor,George,ajones@example.org
671,Zachary,Mejia,janice98@example.com
672,Johnathan,Newton,zandersen@example.com
673,Meagan,Washington,lindseyaaron@example.net
674,Lauren,Peterson,wjohnson@example.org
675,Duane,Ross,gthomas@example.org
676,Rhonda,Adams,williamchristian@example.org
677,Ann,Simmons,francisco46@example.net
678,Edward,Crawford,derek58@example.com
679,Larry,Day,cheryl82@example.org
680,Corey,Mitchell,carlykim@example.com
681,Diane,Benton,andersonlinda@example.org
682,Kelly,Lucas,morganrebekah@example.com
683,Lisa,Cummings,scottalicia@example.net
684,Michele,Roach,khandaniel@example.net
685,Tyler,Nguyen,dustinsolis@example.net
686,Jonathan,Scott,fvillarreal@example.net
687,Lisa,Campbell,julieruiz@example.net
688,Eddie,Murray,timothygarcia@example.org
689,Rhonda,Jones,bferguson@example.org
690,Christian,Boyd,shawnclay@example.org
691,Jennifer,Moran,michaelrichardson@example.net
692,Courtney,Cobb,blairconnie@example.net
693,Ronnie,Brock,cgarcia@example.net
694,Debbie,Gibson,gloriaowens@example.com
695,Shari,Murphy,prose@example.com
696,Sally,Henson,xsmith@example.net
697,Karen,Smith,elizabethwhite@example.com
698,Tiffany,Keller,deborahhess@example.net
699,Billy,Brown,brightkathleen@example.com
700,Lauren,Smith,richardblack@example.com
701,Christine,Howard,kcrawford@example.org
702,Frank,Martinez,bevans@example.org
703,Manuel,Rice,mramos@example.com
704,Brittany,Shah,timothyfrazier@example.org
705,Robert,Todd,erikarmstrong@example.net
706,Cameron,Ross,daniellechambers@example.org
707,Samuel,Bauer,daniel52@example.org
708,Robert,Brown,greenejoshua@example.org
709,Anthony,Rosario,garrett18@example.net
710,Cody,Fowler,kwilson@example.org
711,Christian,Bell,harrisonlindsay@example.org
712,Kayla,Wade,robertsrachel@example.org
713,Theresa,Cervantes,yhayes@example.net
714,Jay,Phillips,gregoryprice@example.com
715,Dennis,Hughes,joshuagardner@example.org
716,Jason,Simmons,torresmichael@example.org
717,Michelle,Dominguez,xfields@example.org
718,Katherine,Martin,harveyanthony@example.com
719,Jonathan,Flores,prestonjoseph@example.org
720,Matthew,Glenn,nvazquez@example.com
721,Aaron,Perry,fthomas@example.org
722,Kevin,Bradley,david28@example.com
723,Theresa,Stewart,rickyweiss@example.org
724,Ashley,Phillips,michael89@example.net
725,Michael,Nichols,juliadillon@example.org
726,Brandy,Thompson,ohall@example.com
727,Lawrence,Dalton,brittney48@example.net
728,Logan,Murphy,smithmaureen@example.net
729,Michael,Walton,vanessa40@example.net
730,Erin,Hall,ymoore@example.net
731,Nancy,Bennett,framos@example.net
732,Lawrence,Maxwell,marcus89@example.org
733,Richard,Hansen,hoffmancharles@example.net
734,Megan,Huff,newmantammy@example.com
735,Steven,Cuevas,loriyoung@example.net
736,Gloria,Snyder,brewergrace@example.org
737,Melissa,Howe,mccarthymichael@example.com
738,Kristina,Thompson,heatherfreeman@example.net
739,Craig,Mendoza,yschneider@example.org
740,Daniel,Day,obriensamuel@example.org
741,Andrew,Moyer,lschneider@example.com
742,Marie,Rasmussen,cstark@example.org
743,Lisa,Davis,heatherhenderson@example.net
744,Ashley,Ellis,natashaharris@example.net
745,Mary,Wheeler,julieperry@example.com
746,Lori,Ball,timothysavage@example.net
747,Lauren,Johnson,stephenwalsh@example.net
748,John,Davis,michellefields@example.net
749,John,Washington,yhouse@example.org
750,Brad,Hudson,steven41@example.org
751,Rita,Cline,plutz@example.net
752,Jamie,Fisher,ubean@example.com
753,Thomas,Johnson,castrotyler@example.com
754,Jason,Larson,joshua75@example.net
755,Matthew,Conner,tvalencia@example.com
756,Andrea,Ross,stevenmcneil@example.net
757,Robert,Hill,jordanhernandez@example.org
758,Jeff,Wright,erin64@example.org
759,Jason,Johnson,urosario@example.com
760,Melissa,Smith,rgonzalez@example.com
761,Kevin,Chandler,theresamatthews@example.org
762,Carla,Henry,ralexander@example.net
763,Samantha,Bell,aprince@example.com
764,Christina,Mason,lisa21@example.net
765,Carmen,Warren,crawfordsteven@example.net
766,Megan,Sims,frostjoel@example.net
767,Steven,Russo,kenneth06@example.com
768,James,Hernandez,jonescarol@example.com
769,Rebecca,Brown,juan91@example.com
770,Erika,Joseph,kimberly20@example.net
771,Gregory,Ramirez,joseph01@example.com
772,Cristina,Watkins,gpacheco@example.net
773,Brittany,Townsend,johnsonjason@example.org
774,Joshua,Swanson,martinezsamantha@example.com
775,David,Vargas,pauldavis@example.net
776,Kenneth,Jones,moyerstephanie@example.org
777,Amber,Larsen,williamseric@example.net
778,Colleen,Wilson,melody25@example.net
779,Alex,Davis,peter07@example.org
780,Rhonda,Ramsey,slang@example.org
781,Catherine,Flowers,iball@example.com
782,Taylor,Montgomery,ericgordon@example.org
783,Rachel,Mendoza,emma12@example.net
784,Patricia,Gutierrez,rowelynn@example.com
785,Brian,Cruz,penarebecca@example.com
786,Sarah,Willis,brucepearson@example.net
787,Tammy,Garza,smithashley@example.org
788,David,Bell,ronald58@example.com
789,Rebecca,Mcmahon,jonesmichael@example.com
790,Crystal,Rowland,robertkidd@example.net
791,Bianca,Lloyd,humphreyrobert@example.com
792,Ashley,Olson,areese@example.com
793,Sean,Hansen,qromero@example.net
794,Kirsten,Mann,fordkristen@example.com
795,Haley,Freeman,fhobbs@example.net
796,Carlos,Alexander,greengeorge@example.com
797,Jessica,Craig,robert33@example.org
798,Robert,Mcdowell,emilymills@example.com
799,Matthew,Lewis,timothyvilla@example.com
800,Kimberly,Eaton,john45@example.net
801,Whitney,Patrick,angela93@example.net
802,Brent,Thomas,nicoleharris@example.net
803,Richard,Rice,hoffmanmichele@example.org
804,Hunter,Williams,kellybrian@example.org
805,Bobby,Herring,lisacharles@example.net
806,Wendy,Salas,dporter@example.com
807,Donna,Chase,brittany41@example.org
808,Jeffrey,Taylor,alvarezanthony@example.com
809,Brian,Reese,ytran@example.net
810,Jennifer,Adkins,kathryn31@example.com
811,Teresa,Carpenter,isaacsilva@example.net
812,Jason,Gaines,jeffreywalker@example.com
813,John,Bell,upetersen@example.org
814,Nathan,Reese,wilsonbarbara@example.net
815,Madeline,Porter,sandra15@example.org
816,Kevin,Rowland,robert06@example.org
817,Kelly,Johnston,ortizdenise@example.net
818,Rachel,Arias,katrinagriffin@example.com
819,Mark,Hill,zdean@example.com
820,Cynthia,Williams,torresheidi@example.org
821,Elizabeth,Edwards,edwardshaw@example.org
822,Michael,Savage,michael64@example.net
823,Rebecca,Hicks,smithgary@example.org
824,Jasmine,Jackson,jonesdaniel@example.org
825,Joseph,Murray,dmorris@example.com
826,Amanda,Spencer,haynesdwayne@example.com
827,Christian,Stewart,bonniehuynh@example.com
828,Michelle,Vasquez,lorifoster@example.net
829,Brian,Hayes,codyjones@example.net
830,Jason,Hahn,christina38@example.org
831,Christopher,Cabrera,dean68@example.com
832,Kendra,Simpson,guerrerowesley@example.com
833,Matthew,Smith,xhorton@example.org
834,William,Hutchinson,crossmatthew@example.net
835,Matthew,Martin,wdoyle@example.com
836,Adrian,King,melindachapman@example.org
837,Calvin,Hayes,devinbailey@example.net
838,Carolyn,Tapia,alexandra41@example.org
839,Brenda,Lewis,amberbrown@example.net
840,Kimberly,Pena,hatfieldmelissa@example.com
841,Jeffery,Hill,ytran@example.com
842,Jeanne,Hampton,ethanevans@example.org
843,Donna,Dean,mooneykayla@example.net
844,Samantha,Hernandez,jasmine73@example.org
845,Mark,Brown,ashley02@example.net
846,Richard,Ramirez,wmiller@example.com
847,Michael,Roberts,colemanangela@example.com
848,Lisa,Sellers,sjohnson@example.net
849,Andrea,Crane,tracy42@example.net
850,Joshua,Waller,mckenziecassandra@example.org
851,Patrick,Brown,gabrielawyatt@example.org
852,Kim,Contreras,juliarios@example.com
853,Nancy,Knox,nelsonbrooke@example.org
854,Christopher,Gregory,greenjessica@example.com
855,Ashley,Davis,ybennett@example.org
856,James,Thompson,williamdiaz@example.com
857,Jeffrey,Hoover,sancheznathan@example.com
858,Sandra,Sawyer,breanna12@example.net
859,Michael,Garcia,jessicanelson@example.net
860,Eric,Cook,idelgado@example.net
861,Christopher,Solomon,christianmyers@example.org
862,Johnny,Robertson,emily57@example.net
863,William,Cline,dflores@example.org
864,Jennifer,Anthony,vanessa68@example.net
865,Erin,Griffin,brendaanthony@example.org
866,Phillip,Johnson,andres64@example.org
867,Crystal,Thompson,tanderson@example.com
868,Lisa,Martinez,veronica80@example.com
869,Lori,Hardin,kristenbell@example.com
870,Lauren,Taylor,richard56@example.com
871,Brandon,Archer,wallacestephanie@example.org
872,Michael,Williams,chadfranco@example.com
873,Guy,Hoffman,gregory41@example.net
874,Daniel,Mcdaniel,jamesthomas@example.net
875,Timothy,Fuller,woodsbridget@example.net
876,Ashley,Byrd,walexander@example.com
877,Ronald,Parker,bakerjulia@example.org
878,Diane,Davis,hwallace@example.com
879,Sierra,Sanchez,walshjavier@example.com
880,Michelle,Gaines,lyonstodd@example.net
881,Judy,Johnson,padillamatthew@example.org
882,Kathleen,Hill,sierrarodriguez@example.org
883,Angela,Cook,andreamarquez@example.net
884,Stephanie,Hicks,perrybrooke@example.net
885,Courtney,Collins,gatesmegan@example.org
886,Colin,Maynard,jessicaprice@example.net
887,Linda,Curry,epowell@example.com
888,Douglas,Hancock,pkelley@example.net
889,Katrina,West,rachel84@example.org
890,Justin,Wiggins,smithmark@example.org
891,Leslie,Martin,vmorales@example.org
892,Carrie,Garrison,bwhitehead@example.net
893,Zachary,Paul,jasonhale@example.com
894,Benjamin,Martinez,julie59@example.com
895,Rebecca,Mcdonald,ramirezerica@example.net
896,Madeline,Brown,foxjennifer@example.com
897,James,Fuentes,tammykim@example.org
898,Kathryn,Zavala,taylorshane@example.net
899,Christina,Stevens,ljones@example.com
900,Elizabeth,Murphy,pamelavalenzuela@example.org
901,Tiffany,Browning,katienewton@example.net
902,Kari,Thompson,douglaspeterson@example.com
903,Frank,Greer,kmiller@example.com
904,Latoya,Walker,rodneysmith@example.com
905,Suzanne,Perez,bcontreras@example.org
906,Oscar,Kelley,stevensonolivia@example.com
907,Jessica,Butler,whoffman@example.org
908,Teresa,Garrett,heather84@example.org
909,Michelle,Rose,taylortammy@example.net
910,Stephanie,Key,kellycolleen@example.net
911,John,Miller,debbie04@example.com
912,Derek,Sims,christopher30@example.net
913,Tammy,Anderson,sarah38@example.com
914,Brandon,Rice,ledonna@example.com
915,Carol,Hill,richardsonamanda@example.net
916,Henry,Stevens,melissa20@example.net
917,Bailey,Hogan,sflores@example.org
918,Andrew,Terry,slopez@example.org
919,Michael,Allison,clarenceesparza@example.net
920,Dale,Charles,ashley01@example.com
921,Sean,Price,thompsonstephanie@example.net
922,Martin,Leach,dana19@example.net
923,Martin,Ross,atkinsonsteven@example.net
924,Alan,Fuentes,andrew12@example.net
925,Andrea,Costa,matthew95@example.net
926,Robert,Baker,mauricetaylor@example.org
927,Ellen,Vega,chandlerkiara@example.org
928,Amanda,Matthews,justin66@example.net
929,Alexander,Wilson,cwebb@example.com
930,Lucas,Robinson,sierra89@example.com
931,Charlene,Cunningham,thomaszachary@example.net
932,Ryan,Campos,thomas82@example.org
933,Kristi,Bartlett,juliejohnson@example.com
934,Alexis,Johnson,ricardobrown@example.net
935,Edward,Copeland,tyronerivera@example.org
936,Thomas,Kane,traviswilkins@example.org
937,Jacob,Lawson,rmueller@example.com
938,Andrew,Nguyen,jperez@example.org
939,Virginia,Martin,gibsoncharles@example.net
940,Mackenzie,Dickson,jonesmichael@example.net
941,Christopher,Juarez,jaime62@example.org
942,Jason,Johnson,johnholland@example.com
943,Rhonda,Brown,noah68@example.com
944,Angela,Villanueva,joshuahooper@example.net
945,Melissa,Lester,wilsonmichael@example.com
946,Anita,Martin,wwoodward@example.net
947,Kristen,Jones,julie90@example.net
948,Sean,Lopez,kennedyjason@example.org
949,Jason,Jenkins,tparker@example.com
950,Erica,Carr,meltonsteven@example.net
951,Ronald,Shields,aaron94@example.com
952,Thomas,Anthony,davidbauer@example.org
953,Jo,Simpson,brianguerra@example.net
954,Karen,Fox,hardyamanda@example.com
955,Frederick,Martin,anthony08@example.org
956,Haley,Walsh,cartertara@example.org
957,Selena,Nguyen,brian81@example.com
958,Tyler,Hancock,vwhite@example.com
959,Sylvia,Griffith,davismanuel@example.org
960,Courtney,Johnson,tracey09@example.com
961,Alison,Cooper,alawrence@example.com
962,Colton,Stephenson,johnsonsabrina@example.net
963,Michael,Harris,matthewbooth@example.org
964,Luis,Hunt,wilsonrichard@example.net
965,Justin,Graham,smithjulia@example.net
966,Elizabeth,Spence,clarkjoseph@example.net
967,Stephanie,Patel,sandovalpamela@example.com
968,Joseph,Daniels,finleyfelicia@example.com
969,Michelle,Ingram,franklinshannon@example.net
970,Megan,Phillips,jacksonjames@example.net
971,Crystal,Jones,dlang@example.net
972,Daniel,Hernandez,lozanostacy@example.com
973,Melissa,Allen,dstewart@example.net
974,Russell,Brooks,joshuaward@example.com
975,Ashley,Ayala,brandonwatson@example.net
976,Christopher,Smith,turnerjeffrey@example.org
977,Tracy,Vaughan,hbuckley@example.org
978,Warren,Carr,gjohnson@example.com
979,Carol,Joseph,sarahdonovan@example.com
980,Amanda,Kelly,fwilliams@example.org
981,Donald,Sweeney,rachelpalmer@example.com
982,Stephanie,Walker,jennifer85@example.org
983,William,Gill,kevinhill@example.net
984,Heather,Gonzalez,elliottwilliam@example.org
985,Justin,Hooper,michael07@example.net
986,Jennifer,Jones,tinabeltran@example.net
987,Robert,Dean,umurphy@example.net
988,Louis,Quinn,huntmatthew@example.org
989,Haley,Bray,janegreen@example.com
990,Michaela,Ruiz,allen54@example.net
991,Benjamin,Brown,nicole22@example.com
992,Brandi,Thompson,sheliabrown@example.com
993,Andrew,Rivers,michelle85@example.com
994,Rachel,Rodgers,vross@example.net
995,Cathy,Martinez,victoriareynolds@example.org
996,Ariel,Cook,melanie67@example.com
997,Nicholas,Wood,stephanie64@example.org
998,Michael,Medina,lwalker@example.com
999,Carolyn,Ramos,andrea24@example.com
1000,Samantha,Campbell,roberthartman@example.com
